66,UX designer,96,1,2,233,11,736
3,UI designer,89,5,1,241,18,3539
55,UI designer,46,4,4,156,12,2111
81,UI designer,78,1,5,62,15,1093
4,logo designer,34,6,4,148,11,1262
24,logo designer,62,2,2,286,16,736
81,logo designer,90,4,1,102,23,2918
6,logo designer,1,4,2,157,25,2458
84,UI designer,25,6,3,35,16,2907
100,logo designer,14,3,3,142,13,2748
54,logo designer,1,6,2,55,19,1388
6,UI designer,97,1,1,114,23,848
53,logo designer,27,4,5,67,14,2031
31,logo designer,11,3,4,152,18,3265
59,UI designer,10,5,5,217,13,2165
65,UX designer,59,3,3,171,12,217
94,logo designer,84,5,2,250,19,2997
74,UI designer,94,6,2,187,20,1595
30,UX designer,78,5,5,209,19,658
62,logo designer,32,3,5,203,13,2137
43,logo designer,68,5,2,208,17,3726
90,logo designer,10,4,1,117,17,1442
31,UI designer,56,4,5,96,20,1294
33,logo designer,76,5,5,244,25,1824
50,logo designer,63,4,1,208,11,2445
5,logo designer,30,6,4,48,16,2609
60,logo designer,78,3,2,252,12,822
78,logo designer,25,4,1,182,15,1242
93,logo designer,1,6,1,117,17,3486
36,logo designer,37,5,3,197,23,3561
36,logo designer,99,2,3,237,17,2838
72,logo designer,58,5,1,278,15,993
80,UI designer,32,1,5,78,20,1965
27,UX designer,23,1,4,213,12,573
64,UX designer,47,5,1,69,12,3782
55,UI designer,54,5,4,94,25,3466
81,logo designer,8,2,3,157,20,3801
48,UI designer,43,6,4,249,12,3871
98,logo designer,53,5,3,202,18,2599
96,logo designer,80,5,4,81,18,3759
10,UX designer,53,3,2,281,13,833
42,logo designer,77,6,5,174,21,2168
29,UI designer,23,3,3,87,19,2847
59,logo designer,84,4,2,69,13,757
76,logo designer,89,5,4,64,23,435
49,logo designer,94,5,3,275,15,852
2,logo designer,7,5,2,69,24,586
90,UX designer,96,1,2,148,23,2211
18,logo designer,83,2,1,43,15,1396
87,logo designer,78,2,4,61,14,2781
69,UI designer,85,5,1,68,20,1304
24,logo designer,83,3,3,52,13,3210
36,UX designer,43,1,5,62,12,3019
48,UX designer,75,3,5,129,16,3044
50,logo designer,14,6,3,105,20,1871
85,UX designer,85,3,3,80,12,1562
54,UX designer,25,6,1,130,25,2365
88,UI designer,49,5,1,130,13,2571
24,UX designer,48,6,1,59,12,3983
57,logo designer,17,3,5,44,10,2191
18,UI designer,44,2,4,298,16,632
39,logo designer,63,4,2,154,17,2072
4,logo designer,63,3,3,202,20,3794
90,logo designer,83,6,3,207,14,3698
23,UX designer,6,5,4,167,19,3351
93,UI designer,87,2,4,254,20,328
34,UI designer,76,2,3,150,19,348
14,logo designer,39,4,3,199,16,3979
83,logo designer,20,4,1,130,17,3256
18,logo designer,18,1,4,225,14,3849
51,logo designer,20,3,4,272,16,2320
88,UX designer,55,2,4,249,18,2725
62,logo designer,94,6,4,124,25,2167
2,logo designer,72,1,4,62,12,2677
49,UX designer,9,1,4,149,18,1783
60,logo designer,33,5,4,216,10,2204
93,UX designer,69,4,2,131,17,3210
3,UX designer,87,5,4,248,19,2293
61,UI designer,10,1,2,231,13,1051
34,UI designer,28,4,4,275,16,506
19,logo designer,54,4,1,240,10,306
4,logo designer,21,2,3,150,13,376
23,UI designer,76,2,5,106,13,2982
99,logo designer,19,3,3,283,15,2671
41,UX designer,84,4,1,131,15,2152
66,logo designer,36,4,4,168,21,1834
35,logo designer,39,4,3,244,19,3405
74,logo designer,73,5,1,201,12,204
47,UI designer,15,1,5,298,14,1070
78,logo designer,51,6,5,135,20,1837
14,logo designer,97,3,2,68,12,612
60,UX designer,33,4,1,165,11,3127
13,logo designer,18,4,4,193,16,3760
26,UX designer,52,3,5,81,17,1319
4,logo designer,8,4,4,137,19,3869
58,logo designer,15,1,2,260,11,751
76,logo designer,56,5,3,122,24,2802
74,UI designer,44,5,4,172,18,1636
32,logo designer,8,2,5,222,13,1673
48,UI designer,22,2,5,188,10,1039
29,logo designer,97,5,5,164,13,2309
62,logo designer,77,3,1,281,18,2681
49,logo designer,20,1,3,96,10,2387
40,logo designer,61,6,4,67,17,736
98,logo designer,41,2,1,210,11,2378
37,UI designer,24,1,4,150,17,1182
45,UX designer,97,3,2,290,10,300
42,UI designer,35,3,2,209,13,2553
93,logo designer,90,6,3,170,18,1466
38,UX designer,24,5,4,90,15,3390
12,logo designer,32,3,2,85,12,2277
13,logo designer,61,4,5,116,16,3408
5,UI designer,16,3,5,273,11,2622
91,logo designer,73,3,4,102,12,2775
77,UX designer,54,3,3,256,17,1507
1,UX designer,58,4,5,225,23,291
83,logo designer,98,4,4,217,15,3976
33,logo designer,58,4,1,202,19,3959
10,logo designer,60,3,3,226,15,2045
27,logo designer,79,2,3,47,16,349
73,UI designer,75,3,1,89,20,2739
57,logo designer,40,1,5,142,23,3907
25,UX designer,30,3,5,135,24,2569
100,logo designer,86,3,1,46,25,2872
32,UX designer,72,4,4,181,12,2804
43,logo designer,34,1,4,80,19,579
14,UX designer,25,6,2,183,20,264
54,logo designer,84,3,5,273,10,473
76,UI designer,68,1,3,81,21,652
44,logo designer,59,4,2,100,16,3369
88,UI designer,89,4,5,210,25,3509
96,UI designer,1,5,3,136,18,3708
100,logo designer,55,3,1,211,15,3629
80,logo designer,60,2,2,187,15,342
80,UX designer,24,3,2,223,17,3439
24,UX designer,90,5,1,154,20,980
70,UI designer,4,2,3,288,10,940
6,logo designer,58,4,2,61,25,3737
85,logo designer,75,2,3,246,17,1087
71,UI designer,36,5,1,204,14,2152
5,logo designer,92,1,3,121,25,305
76,logo designer,24,6,3,247,24,3478
70,logo designer,93,6,3,253,11,2351
10,logo designer,48,6,5,215,22,3674
32,UX designer,12,3,1,178,20,3266
11,UI designer,100,2,2,196,10,755
69,UI designer,24,3,2,177,12,3105
38,UI designer,44,3,5,153,19,748
7,logo designer,73,2,5,92,18,1590
61,logo designer,82,1,3,138,25,663
29,logo designer,90,6,4,244,13,2753
38,UI designer,78,4,2,65,11,1538
84,UI designer,78,4,2,179,20,3782
47,logo designer,79,3,1,191,15,216
74,logo designer,90,1,2,118,16,686
69,UI designer,54,6,3,179,18,3440
79,UI designer,28,4,3,278,13,2340
36,UX designer,49,3,4,195,10,2553
47,logo designer,89,3,1,287,15,628
20,UX designer,97,2,4,249,20,1764
51,logo designer,13,2,1,198,10,1222
96,UX designer,95,4,3,147,17,2543
86,logo designer,60,4,1,299,21,1240
16,UI designer,98,5,2,124,25,2105
18,logo designer,7,6,3,95,13,1563
30,UI designer,82,5,2,97,20,1398
45,UI designer,37,6,4,123,24,1852
52,logo designer,91,6,4,127,11,394
10,logo designer,26,3,5,168,18,3475
64,logo designer,24,1,4,213,23,769
34,UI designer,46,1,3,233,21,458
26,logo designer,13,6,1,108,15,1614
52,UX designer,14,5,4,152,18,3343
56,logo designer,78,1,2,106,10,2367
64,UX designer,97,6,2,279,14,2201
59,UI designer,63,5,3,92,21,419
34,UX designer,53,3,5,182,18,1860
78,UI designer,16,6,2,167,23,3500
39,UI designer,95,1,4,116,18,1706
74,logo designer,18,6,4,84,24,2989
40,UX designer,67,6,5,208,24,2098
57,logo designer,42,1,3,127,16,3596
70,UX designer,90,3,4,143,22,3804
49,logo designer,54,4,3,53,16,2365
3,UI designer,41,4,1,209,24,2693
65,logo designer,84,2,3,274,13,1532
32,UX designer,47,5,1,94,16,1420
40,logo designer,17,2,4,166,25,566
93,logo designer,55,6,5,212,17,3134
42,logo designer,59,3,5,195,15,3511
59,UI designer,58,3,5,199,10,1765
82,UX designer,71,5,2,180,14,3368
66,UX designer,96,4,3,300,23,547
30,UX designer,50,3,1,177,13,2572
96,logo designer,91,6,4,237,15,258
34,logo designer,96,6,2,244,10,2780
9,logo designer,8,2,5,294,20,829
82,logo designer,59,5,4,268,16,889
71,UX designer,95,2,5,116,22,1582
96,UI designer,74,3,3,84,23,2788
19,logo designer,13,3,2,115,13,3828
25,UX designer,5,6,5,225,16,3575
27,UX designer,11,4,1,99,20,882
79,logo designer,21,6,3,208,12,2429
61,logo designer,84,2,3,100,17,3426
71,logo designer,5,5,5,214,24,2370
46,logo designer,33,4,1,167,19,3011
18,UX designer,49,4,5,95,22,1037
30,UX designer,57,3,2,153,25,2846
25,logo designer,35,4,4,233,10,1984
38,logo designer,60,5,1,100,22,244
21,logo designer,17,1,2,117,18,328
20,UX designer,94,4,2,196,24,1917
61,UX designer,4,4,4,83,11,3249
1,logo designer,24,5,3,254,25,1958
75,UX designer,92,6,5,51,16,463
81,logo designer,43,1,3,155,12,880
60,UX designer,54,6,3,290,10,1881
90,logo designer,40,6,4,40,11,3416
1,UX designer,88,6,1,84,17,862
88,UI designer,30,2,5,278,21,1863
59,UI designer,87,1,1,192,22,1794
88,UX designer,91,3,2,198,15,1454
26,logo designer,94,4,5,66,13,404
33,UX designer,67,1,3,132,19,3447
43,UX designer,57,2,3,189,21,1003
50,UI designer,47,5,2,134,22,1258
45,logo designer,50,6,1,175,10,3944
85,UX designer,3,6,2,107,23,1680
43,UI designer,72,4,3,225,19,1638
29,UX designer,71,6,2,258,19,3835
50,logo designer,34,2,3,64,22,919
67,logo designer,5,3,3,145,23,3840
41,UI designer,81,1,4,239,17,321
89,UI designer,20,4,3,71,22,3673
62,UI designer,20,1,1,287,16,2488
48,UI designer,80,2,2,102,18,2696
54,UI designer,43,6,4,55,11,2988
78,UX designer,64,5,2,155,13,963
20,logo designer,15,3,4,269,16,1268
6,logo designer,87,5,4,298,20,1037
50,logo designer,82,5,3,183,23,3420
94,UX designer,90,4,2,183,21,2960
86,UI designer,77,6,3,99,12,3049
21,UX designer,9,4,4,37,24,2382
88,UI designer,94,1,2,153,19,1510
86,UX designer,77,4,3,112,14,1385
48,logo designer,45,5,5,136,10,1566
90,UI designer,42,3,1,75,16,2064
71,logo designer,65,3,3,118,16,2570
97,UI designer,52,5,1,84,12,3328
87,logo designer,9,5,2,116,10,2666
77,logo designer,69,6,2,54,17,3745
63,logo designer,83,5,1,289,23,242
95,UX designer,81,5,3,259,25,477
55,UX designer,53,2,1,75,16,3107
94,UX designer,30,4,5,108,13,3715
60,UI designer,44,2,1,144,13,1507
67,logo designer,61,2,5,131,12,264
63,logo designer,38,4,2,163,21,1028
74,UX designer,52,6,3,174,12,344
83,logo designer,48,6,4,78,21,1443
62,UX designer,83,1,3,44,21,3181
99,logo designer,46,3,2,81,19,1732
87,UI designer,76,1,5,251,21,3706
40,logo designer,48,2,2,172,19,2462
48,UI designer,38,2,4,173,20,2683
20,logo designer,47,3,1,61,24,3309
71,UI designer,44,3,4,74,23,1749
8,logo designer,69,3,1,274,24,423
23,logo designer,8,5,1,272,22,2292
97,logo designer,32,3,5,264,19,901
71,UX designer,68,2,1,271,13,999
12,logo designer,44,1,5,67,14,654
35,UI designer,57,4,3,85,12,1167
74,logo designer,14,6,1,100,16,795
73,logo designer,84,6,2,171,17,3013
86,logo designer,6,6,4,78,25,1910
6,UX designer,35,3,1,149,10,1056
22,UX designer,97,1,5,286,25,1398
69,logo designer,70,4,2,114,10,1239
86,UX designer,92,1,1,187,23,3778
80,UI designer,52,4,5,153,17,3614
52,UX designer,8,6,2,122,10,3887
84,UX designer,20,1,5,168,20,3793
49,logo designer,34,4,2,176,17,3755
61,UI designer,77,6,4,164,25,1137
31,UI designer,46,3,3,258,22,3966
18,logo designer,93,2,1,75,10,3441
51,UX designer,7,2,2,160,12,469
62,logo designer,79,6,3,83,21,1678
13,UI designer,64,4,2,245,10,3395
50,UI designer,77,4,1,163,22,1277
45,logo designer,66,2,3,258,21,2312
41,logo designer,97,3,2,186,12,841
19,logo designer,66,5,4,173,22,2985
26,UI designer,72,5,4,209,24,2974
64,logo designer,81,5,1,105,11,2509
65,logo designer,11,6,5,198,15,2564
91,logo designer,65,6,3,59,18,2669
85,logo designer,38,3,5,280,11,434
1,UI designer,30,6,4,146,13,1626
75,logo designer,10,3,1,296,25,2224
16,UX designer,9,2,3,52,18,1162
79,logo designer,84,2,3,46,24,3074
90,UI designer,17,5,3,144,16,1721
52,UX designer,68,3,5,52,13,2816
5,logo designer,11,2,5,219,10,3239
1,logo designer,18,4,2,144,14,3331
95,UX designer,26,3,5,147,14,3948
21,logo designer,19,2,1,135,17,3947
93,UX designer,11,6,1,194,22,2517
26,UX designer,22,5,1,65,17,2837
37,UI designer,33,3,5,299,10,3067
32,logo designer,86,4,2,250,25,691
95,logo designer,24,4,3,224,22,2159
60,logo designer,65,2,5,182,17,2173
13,UX designer,86,1,4,44,21,2042
89,UI designer,13,4,2,74,22,3869
34,UI designer,62,1,5,237,10,2125
78,UI designer,1,3,4,117,21,2939
1,UX designer,76,3,4,77,10,1699
83,UI designer,53,5,2,191,12,1101
93,logo designer,51,5,4,272,11,2617
22,logo designer,11,4,4,281,10,2896
73,UI designer,94,1,5,232,20,989
38,logo designer,2,4,3,147,19,1503
3,UI designer,16,3,3,114,25,3521
19,logo designer,66,2,2,106,16,3668
52,logo designer,2,6,1,191,25,3434
55,logo designer,94,3,1,71,10,1285
96,logo designer,46,1,1,294,14,2978
10,logo designer,5,5,4,92,19,2170
69,UI designer,17,3,3,261,21,2358
30,UX designer,68,4,1,217,16,1597
94,UI designer,5,5,1,169,16,1229
3,logo designer,54,1,3,258,16,3670
9,UI designer,17,6,5,87,19,1857
76,UI designer,92,1,5,123,17,1283
48,UX designer,16,6,3,127,13,415
44,logo designer,40,2,4,267,17,2697
44,UX designer,94,3,1,92,23,1300
62,logo designer,36,2,1,107,25,3350
6,logo designer,45,4,3,287,22,2647
7,UX designer,59,3,1,62,22,1917
53,logo designer,37,1,5,225,25,3144
7,UI designer,34,6,1,223,22,2138
74,UX designer,25,2,1,224,22,3798
70,logo designer,51,5,2,102,11,3236
34,UI designer,58,4,2,113,17,2212
3,UI designer,67,4,5,108,13,2495
90,UX designer,19,1,2,128,15,3110
6,UX designer,56,2,1,196,19,3528
71,UI designer,55,4,2,212,24,1354
14,logo designer,82,3,2,188,22,3365
10,UX designer,37,5,2,252,22,3577
83,logo designer,22,1,3,257,19,447
4,logo designer,61,2,3,246,20,1991
40,logo designer,85,4,5,273,13,3616
30,logo designer,73,5,2,168,24,2629
55,logo designer,83,6,4,169,15,2906
68,logo designer,4,4,1,157,23,714
97,UX designer,76,3,3,42,10,1368
59,UX designer,98,3,1,73,16,3174
62,logo designer,73,2,1,258,25,3780
2,logo designer,42,1,1,48,13,3904
5,logo designer,68,3,4,122,13,3236
24,logo designer,88,5,2,238,25,415
36,UI designer,75,6,4,62,12,843
22,logo designer,81,4,1,253,10,1218
87,logo designer,51,6,3,77,22,2107
99,logo designer,56,2,4,251,16,3821
4,logo designer,46,2,5,299,25,2691
85,UX designer,65,5,2,178,19,669
56,logo designer,54,4,5,217,14,1872
51,logo designer,81,4,4,286,21,3797
60,logo designer,73,5,2,260,22,2267
76,logo designer,39,4,1,159,25,3864
52,UX designer,88,4,5,137,18,1712
25,UX designer,48,4,1,132,21,1316
57,logo designer,13,6,4,143,13,3780
95,logo designer,83,3,4,222,23,3820
10,UX designer,95,5,2,112,24,3655
13,logo designer,74,2,3,123,14,3850
86,logo designer,72,1,3,36,25,625
70,UX designer,17,1,3,239,23,3221
2,logo designer,65,2,4,252,18,2866
85,UI designer,70,5,5,86,22,1898
58,UI designer,58,3,5,59,14,1707
91,UI designer,100,1,5,218,24,3245
31,logo designer,31,5,3,121,17,1733
70,logo designer,19,1,1,281,11,2229
58,UI designer,40,4,1,69,13,1127
34,UX designer,79,2,1,109,12,2875
4,UX designer,88,5,3,148,23,251
68,logo designer,62,3,3,243,24,1565
8,logo designer,28,4,1,190,11,894
19,logo designer,54,6,4,184,21,3735
68,UX designer,44,2,4,296,20,2518
29,logo designer,38,2,2,41,17,497
73,logo designer,57,5,3,195,25,2244
98,UI designer,72,1,4,259,19,3419
82,UX designer,66,3,5,144,17,3275
17,logo designer,60,1,2,166,23,787
72,UI designer,94,2,1,296,11,3213
74,UI designer,91,4,4,220,19,1854
97,logo designer,96,6,3,261,11,2145
48,logo designer,24,4,1,151,24,2061
68,UI designer,8,1,1,288,11,2763
89,UX designer,49,4,5,217,24,294
4,logo designer,89,3,5,244,11,1020
52,logo designer,95,1,1,118,19,2798
52,logo designer,67,6,2,66,11,2249
85,logo designer,53,5,2,59,17,1135
29,logo designer,55,1,2,163,23,1671
94,UX designer,48,6,4,65,18,908
41,UX designer,28,1,1,283,14,2639
39,logo designer,92,1,2,263,12,3785
7,UX designer,56,3,4,47,22,465
78,UI designer,6,4,4,45,23,848
57,UI designer,14,6,5,300,12,2872
7,UX designer,56,3,1,110,24,745
39,logo designer,94,5,4,228,16,1227
74,UX designer,72,1,5,244,16,2265
64,logo designer,72,1,1,213,11,1701
73,logo designer,51,1,2,52,16,366
96,logo designer,73,6,2,287,12,3745
97,logo designer,21,3,3,112,20,2387
25,logo designer,75,1,2,151,16,3050
40,UX designer,62,2,2,38,20,3928
88,UX designer,11,1,3,75,18,3328
35,logo designer,70,3,2,198,10,2086
92,logo designer,3,4,5,73,24,3490
52,UX designer,78,1,2,212,12,1833
31,logo designer,61,5,4,265,18,424
42,logo designer,22,3,5,139,22,2723
60,UI designer,84,1,1,58,12,2531
29,logo designer,93,5,2,161,14,2756
56,logo designer,69,2,1,48,10,3392
69,UX designer,48,2,3,104,24,2210
49,UI designer,7,2,2,295,19,3344
19,logo designer,95,2,2,85,19,862
53,logo designer,15,3,4,69,24,2200
49,UX designer,40,4,5,234,16,448
29,UX designer,17,2,2,74,21,1895
74,UX designer,42,6,1,194,17,999
23,UI designer,23,5,2,219,22,2409
82,logo designer,12,1,5,278,10,3806
34,logo designer,96,4,3,42,22,1655
83,UX designer,53,6,2,224,12,3270
97,UX designer,78,5,5,140,24,541
99,logo designer,45,3,4,218,18,511
89,logo designer,82,4,3,67,12,1678
100,logo designer,48,4,1,103,15,1985
70,logo designer,12,6,3,78,14,2729
29,logo designer,10,3,5,100,17,540
19,UX designer,27,1,2,240,13,1660
91,logo designer,99,2,5,294,11,3378
82,UI designer,15,5,1,198,19,2958
13,UX designer,58,5,4,231,14,1747
50,logo designer,50,6,5,82,22,3292
76,logo designer,90,4,4,244,10,2396
48,logo designer,10,5,3,41,21,2512
56,logo designer,20,3,5,169,25,313
73,UX designer,70,4,4,277,13,655
42,logo designer,88,2,5,83,21,1724
48,UX designer,95,6,5,297,23,2255
57,logo designer,45,6,5,212,13,1824
87,logo designer,25,1,3,238,20,3119
8,UI designer,11,5,5,142,13,1005
55,UI designer,61,1,1,47,16,2913
42,logo designer,68,4,5,269,16,2758
38,UI designer,81,2,2,215,25,337
56,UI designer,75,2,4,156,15,2351
91,logo designer,4,4,3,39,21,943
36,UI designer,65,3,3,61,12,943
2,UI designer,95,6,4,175,25,3137
31,logo designer,3,4,4,276,25,2840
47,UX designer,92,4,4,84,16,3774
70,UX designer,56,6,4,214,13,2052
28,UX designer,24,2,2,52,12,1762
37,UI designer,47,4,5,42,11,2262
70,logo designer,7,2,1,94,18,507
24,logo designer,28,4,5,290,14,2613
1,logo designer,81,1,2,194,13,3921
14,UI designer,96,4,4,198,25,1218
42,logo designer,52,3,4,117,19,2360
71,UI designer,60,2,3,120,14,2827
24,logo designer,71,5,3,149,18,3925
9,UX designer,41,5,2,231,16,2557
99,logo designer,53,3,4,104,19,1759
45,UX designer,65,4,2,109,10,1347
61,UI designer,29,4,3,131,18,316
2,logo designer,60,5,3,57,15,1609
10,UI designer,10,3,4,227,17,2906
1,UX designer,82,3,5,67,21,525
70,UI designer,41,2,5,165,22,1202
21,logo designer,44,5,3,130,21,2105
13,UX designer,80,2,5,105,11,1230
76,UX designer,99,5,3,149,19,515
49,logo designer,39,3,2,192,12,2274
30,logo designer,87,2,2,180,20,2076
52,UI designer,26,4,5,185,12,930
24,logo designer,55,5,2,190,20,566
95,UX designer,10,2,1,45,19,3124
60,UX designer,96,2,2,188,17,297
90,UI designer,32,1,5,71,13,3840
73,UX designer,58,6,1,280,13,3534
3,logo designer,68,4,4,89,13,3626
58,logo designer,52,2,2,116,10,3210
16,logo designer,11,1,3,185,20,1726
91,logo designer,84,3,4,37,13,211
84,UX designer,33,1,2,107,14,1707
41,UI designer,88,4,3,97,10,2156
80,UI designer,3,4,3,126,20,1891
91,logo designer,85,5,4,156,10,687
58,UX designer,10,2,2,92,22,2135
60,logo designer,56,1,1,39,17,2640
22,logo designer,3,3,4,289,22,1027
20,UX designer,14,5,4,162,22,494
44,logo designer,29,5,1,140,17,684
44,logo designer,7,2,5,158,10,3176
56,logo designer,40,5,1,133,15,754
66,logo designer,27,4,4,253,17,238
74,logo designer,31,1,3,230,19,2961
3,UI designer,43,5,4,179,20,3193
86,logo designer,25,1,5,155,21,2762
18,logo designer,38,3,2,168,10,801
65,logo designer,11,3,3,239,16,3855
94,logo designer,6,3,3,300,13,2931
13,UX designer,78,1,5,241,12,1058
42,UX designer,51,2,5,217,25,3204
97,logo designer,27,6,3,83,23,3716
15,UX designer,63,4,5,120,23,2859
4,logo designer,55,5,1,273,19,837
16,logo designer,48,6,3,127,24,2734
94,logo designer,95,6,4,188,24,245
80,logo designer,17,3,3,265,16,2742
86,logo designer,89,5,5,139,20,2489
48,UX designer,82,4,2,285,17,912
99,UX designer,31,2,5,231,18,2650
78,logo designer,37,5,3,171,25,1441
37,logo designer,96,4,3,128,18,2841
85,logo designer,47,3,2,231,16,1469
87,logo designer,72,4,3,261,16,3433
2,UI designer,69,4,2,145,14,3278
10,UX designer,5,6,2,93,20,2880
88,UX designer,94,5,2,277,15,3134
71,UI designer,16,6,4,259,23,1238
21,UI designer,11,5,2,196,14,2183
80,UX designer,23,4,1,37,23,634
23,UX designer,67,5,3,74,23,1341
44,logo designer,80,6,5,225,15,3602
100,logo designer,73,6,1,185,12,2519
82,UI designer,28,2,5,165,14,612
68,logo designer,5,3,4,201,13,3897
34,UI designer,43,6,1,266,16,1598
61,UX designer,18,2,4,286,14,3690
59,logo designer,82,2,5,193,14,2841
75,UI designer,38,6,4,209,21,1313
91,logo designer,94,6,5,161,15,894
15,logo designer,10,4,5,275,17,2807
17,UX designer,94,2,2,158,20,3240
78,logo designer,75,1,2,66,13,2769
40,UI designer,62,2,1,85,14,2783
35,logo designer,53,6,1,123,13,1762
48,logo designer,71,3,4,170,18,3533
86,UX designer,77,1,2,70,19,3191
3,UX designer,33,1,3,190,24,1706
98,logo designer,86,1,5,70,21,353
94,logo designer,81,3,3,190,20,3134
34,UX designer,81,6,4,189,25,3036
63,logo designer,65,2,4,78,20,1381
55,logo designer,82,2,2,88,23,1450
57,UX designer,61,3,2,294,12,3083
39,logo designer,90,1,1,104,23,2575
34,UX designer,55,3,2,233,13,471
67,UX designer,17,1,1,84,23,2098
66,UI designer,30,5,2,109,20,2043
34,logo designer,22,6,3,187,20,3695
18,UX designer,73,5,1,99,20,2765
55,UI designer,6,4,2,267,22,3050
22,logo designer,54,1,3,202,22,1812
55,logo designer,50,4,3,296,11,1782
81,logo designer,64,6,1,284,20,3983
64,logo designer,32,5,4,38,20,2764
72,logo designer,35,3,1,47,16,3732
3,logo designer,53,1,2,54,20,1968
89,UX designer,49,5,4,254,13,2616
85,logo designer,28,2,5,194,10,2202
43,UX designer,98,4,1,237,13,1378
62,UX designer,83,2,5,196,25,3884
92,UI designer,38,5,3,196,24,1758
52,logo designer,26,1,4,188,21,3832
43,UX designer,95,4,3,142,25,3135
57,UX designer,42,2,2,48,20,232
67,logo designer,11,3,1,112,22,2099
57,UI designer,77,4,1,168,18,2337
24,logo designer,63,4,3,197,17,2754
67,UX designer,6,3,3,41,22,2365
44,UX designer,31,5,2,224,19,2608
55,logo designer,45,1,1,82,15,3237
88,logo designer,85,1,3,107,24,2494
26,UI designer,42,1,3,235,23,1888
17,logo designer,42,5,2,57,13,2402
42,logo designer,62,1,3,190,25,447
48,logo designer,26,3,2,92,19,2502
1,UI designer,5,5,3,222,24,2031
100,logo designer,57,3,5,77,24,2586
53,UI designer,57,2,3,282,16,2737
93,logo designer,100,3,4,239,21,231
36,UX designer,65,4,5,166,12,3588
66,logo designer,79,1,2,195,25,616
9,UX designer,30,3,4,239,23,2441
81,logo designer,11,6,2,70,24,1333
5,UX designer,98,2,4,274,14,1643
94,logo designer,21,3,3,35,18,1729
32,UI designer,86,3,5,289,11,3706
80,UI designer,88,2,3,39,16,1902
88,logo designer,24,2,5,137,23,3132
66,UI designer,35,6,1,86,16,1233
13,logo designer,1,6,2,80,12,3523
4,UI designer,66,2,3,92,17,1984
88,UI designer,12,5,5,249,19,3078
72,UI designer,96,4,2,199,15,500
22,logo designer,58,6,3,62,12,1887
75,UX designer,53,5,4,166,22,2924
41,logo designer,80,6,5,110,17,878
44,UI designer,73,4,1,46,20,394
90,UX designer,35,6,4,255,22,219
51,UX designer,36,3,2,299,21,1664
45,UX designer,3,6,4,190,25,2060
89,UI designer,59,6,5,142,20,3522
33,logo designer,22,6,4,218,18,282
49,logo designer,42,1,2,80,18,2577
18,UI designer,2,6,5,293,19,3386
91,logo designer,6,1,4,195,13,817
44,logo designer,47,1,2,208,14,1058
97,logo designer,62,2,1,197,24,1574
78,logo designer,94,2,3,99,14,2499
91,UX designer,97,2,1,113,22,3537
20,UI designer,69,5,1,186,21,885
10,UX designer,19,2,1,42,24,3198
43,logo designer,10,3,1,273,11,2700
49,logo designer,67,4,2,58,10,1534
56,UX designer,51,1,2,269,15,3054
18,logo designer,96,5,3,165,15,3467
46,UI designer,73,6,3,151,12,2792
66,UI designer,98,4,4,282,12,3974
41,UX designer,56,6,1,78,22,3487
54,logo designer,54,4,5,47,24,1665
66,UX designer,67,3,4,104,24,356
14,logo designer,36,6,4,123,11,2699
48,UX designer,33,4,5,219,19,2782
34,logo designer,22,6,4,221,20,2709
6,UI designer,59,6,1,162,19,2893
37,UX designer,24,2,4,235,24,2559
75,logo designer,64,2,4,36,17,2905
81,UX designer,78,1,3,294,13,1202
37,UI designer,52,6,5,103,23,324
44,logo designer,93,6,5,218,24,2253
58,logo designer,54,2,5,198,14,436
6,logo designer,73,4,5,213,13,2371
85,logo designer,43,3,5,136,22,2622
21,logo designer,37,6,4,39,19,2713
67,UX designer,76,3,2,243,16,3221
15,logo designer,26,2,5,150,14,1735
31,logo designer,59,4,2,42,12,1694
62,UX designer,39,3,5,142,12,3383
64,UI designer,14,3,3,42,19,3828
88,UX designer,1,2,1,187,10,973
100,UX designer,88,4,1,74,20,1150
36,logo designer,14,4,4,41,22,2925
14,UX designer,65,2,4,141,13,259
89,UI designer,95,4,1,236,14,1185
87,logo designer,17,6,5,129,22,295
5,UX designer,89,5,4,200,11,3421
10,UX designer,41,2,1,72,21,3897
21,logo designer,58,1,2,154,13,1751
89,logo designer,47,3,4,132,15,2808
35,UX designer,10,3,1,79,22,2318
84,logo designer,4,1,5,78,18,2535
99,UX designer,8,1,3,63,10,3198
62,logo designer,31,5,4,89,14,3206
10,UI designer,83,3,1,213,16,3099
80,UX designer,93,5,4,149,17,3609
61,UI designer,75,1,1,247,23,3339
20,logo designer,15,5,1,79,16,2056
71,logo designer,76,3,1,211,24,392
9,UI designer,4,4,3,280,15,3271
54,logo designer,44,6,2,177,20,2793
70,UX designer,88,4,5,172,23,1142
16,UI designer,33,6,4,169,12,3983
55,UI designer,2,2,5,164,14,3242
98,UX designer,95,4,5,245,15,2005
42,UI designer,53,2,4,199,14,3535
98,UX designer,31,6,3,191,14,3582
23,logo designer,1,1,1,114,24,273
94,UI designer,59,3,1,273,22,2654
39,logo designer,93,3,1,113,14,3591
58,logo designer,71,5,1,220,25,3931
36,UX designer,75,3,1,112,16,3492
10,UI designer,28,2,1,174,11,1423
77,logo designer,67,3,5,47,19,996
68,logo designer,60,1,4,159,25,1915
7,logo designer,28,2,3,157,12,3571
10,logo designer,86,5,3,272,16,3837
7,logo designer,33,3,4,249,18,3894
49,UX designer,87,5,2,256,25,650
22,UX designer,78,4,2,117,25,1709
30,UX designer,40,5,5,198,24,357
68,UX designer,76,4,2,240,10,2701
79,UI designer,87,3,5,147,12,1685
16,logo designer,71,4,2,39,19,2460
78,logo designer,57,1,1,65,25,1058
88,UI designer,90,5,3,172,22,2871
25,logo designer,23,4,1,196,23,2419
87,logo designer,37,6,3,213,23,275
25,logo designer,31,2,3,48,13,2805
24,logo designer,85,4,4,209,15,3514
78,UI designer,94,4,2,270,24,3853
37,UI designer,7,1,5,89,18,760
73,logo designer,10,3,3,121,22,380
94,logo designer,9,5,1,194,12,3076
95,UI designer,25,4,1,151,21,3201
9,logo designer,93,2,4,160,18,1148
85,logo designer,70,1,4,279,10,658
16,UI designer,3,4,1,276,10,1001
39,UI designer,23,4,1,203,25,3977
60,UI designer,89,4,4,154,14,413
20,logo designer,24,4,5,248,11,3384
16,UX designer,82,1,5,222,13,1241
10,logo designer,47,1,4,118,24,2815
7,UX designer,52,5,3,147,21,2274
82,UX designer,21,3,2,94,22,1665
15,UI designer,33,1,4,99,19,2984
81,logo designer,22,1,3,167,19,2794
64,logo designer,65,1,5,239,22,2113
57,UI designer,25,3,2,259,14,314
95,logo designer,48,2,1,58,19,3711
88,UX designer,46,5,3,271,15,2826
11,UX designer,20,5,3,86,10,1391
41,logo designer,62,3,5,297,21,1076
99,logo designer,68,5,2,274,21,2614
53,logo designer,1,2,1,141,25,3441
95,logo designer,86,6,3,147,20,3367
76,logo designer,46,3,1,129,24,2486
8,logo designer,92,5,3,56,14,1086
33,UX designer,39,6,4,57,10,684
40,UI designer,22,5,4,69,20,1867
69,logo designer,93,3,1,98,20,397
44,logo designer,8,6,1,263,10,1554
1,UX designer,86,6,5,84,12,236
3,UX designer,12,1,3,99,11,2264
12,UI designer,92,2,4,56,17,2533
58,logo designer,81,1,4,89,19,3522
89,UI designer,27,2,2,209,21,3119
39,UX designer,36,6,3,281,20,2549
41,UX designer,29,6,5,245,25,3666
98,UX designer,24,1,1,272,24,678
97,logo designer,86,1,2,195,23,1283
19,UX designer,59,5,2,211,14,3704
58,logo designer,27,6,3,256,14,2776
89,logo designer,73,6,1,68,20,2891
63,UI designer,1,5,4,88,24,737
76,UX designer,28,1,1,37,25,3526
12,UI designer,8,5,3,81,11,1371
70,logo designer,57,3,5,58,10,1172
88,logo designer,44,4,1,184,14,1614
17,UX designer,20,3,4,144,12,812
7,UI designer,4,1,2,115,15,752
82,UI designer,69,3,1,180,21,338
45,logo designer,14,1,4,181,23,2782
23,UX designer,48,2,1,272,23,1387
9,logo designer,86,3,3,42,19,1885
35,logo designer,48,6,5,198,18,3840
10,UI designer,19,4,1,187,18,3581
55,UI designer,94,2,5,272,15,3377
60,logo designer,72,3,3,186,24,3276
33,logo designer,15,6,3,264,12,775
73,UI designer,48,2,4,92,18,2196
22,UX designer,6,1,3,50,15,3338
89,logo designer,22,4,1,37,22,3022
21,logo designer,51,3,4,240,17,2818
48,UX designer,94,3,4,292,18,255
67,UI designer,9,3,5,43,14,3077
74,UI designer,56,6,1,283,17,2389
63,UI designer,8,2,5,201,24,456
76,logo designer,66,3,5,157,19,3619
50,UX designer,58,3,5,266,16,1656
8,UI designer,31,4,2,89,23,1242
78,logo designer,23,3,1,47,19,2119
42,UI designer,90,1,1,58,24,3704
76,UI designer,69,1,1,115,24,1457
12,UI designer,68,2,3,131,13,2978
22,logo designer,91,6,4,51,25,2740
23,logo designer,9,3,4,74,25,2618
78,UI designer,65,4,1,286,24,3909
37,logo designer,2,1,5,227,11,3647
72,UX designer,74,6,3,61,20,1042
61,UI designer,14,4,2,104,24,2147
5,logo designer,32,1,4,274,11,3628
30,UX designer,55,4,4,137,11,799
11,UX designer,19,3,1,152,16,3896
97,logo designer,16,4,4,225,24,316
16,logo designer,36,6,5,147,15,835
13,UI designer,67,3,4,78,14,3806
66,UI designer,64,1,2,261,11,810
85,UX designer,89,3,2,242,17,3152
20,logo designer,9,3,2,262,13,295
17,logo designer,68,4,2,238,24,2583
54,UI designer,91,5,2,300,22,3849
36,UI designer,100,5,2,289,19,3698
53,logo designer,11,6,2,220,20,2829
18,UX designer,94,4,2,274,23,296
69,UX designer,58,4,2,74,16,773
63,UX designer,42,3,3,65,24,3140
67,logo designer,71,4,3,56,19,822
6,logo designer,34,1,3,277,11,1372
10,logo designer,30,3,1,98,15,488
88,UI designer,90,3,1,49,17,1149
1,UI designer,50,5,3,240,20,3158
19,UX designer,76,2,1,61,12,2807
10,logo designer,30,3,4,211,19,1833
66,logo designer,1,2,2,145,22,2979
60,UX designer,56,1,2,172,19,2541
70,logo designer,28,1,3,81,14,2274
9,UI designer,86,3,2,285,12,1217
74,UI designer,10,5,4,163,16,2035
83,logo designer,91,1,2,95,14,2085
2,logo designer,69,6,4,114,10,3063
1,UX designer,45,1,3,192,13,3627
85,UX designer,86,3,1,92,17,2918
93,logo designer,27,6,3,289,14,2246
18,UI designer,68,3,3,86,22,731
51,logo designer,87,6,3,75,23,1167
72,UI designer,42,6,1,120,22,3142
37,UI designer,77,5,3,255,19,284
13,UX designer,77,2,2,106,23,2097
72,UX designer,74,5,5,277,16,879
30,UI designer,99,2,3,99,19,2095
61,logo designer,32,3,1,265,25,3642
22,UX designer,66,2,3,262,10,2059
69,UI designer,46,1,2,107,11,633
44,logo designer,70,2,3,119,20,3122
3,UX designer,84,3,3,171,23,1548
22,logo designer,98,6,1,238,14,383
87,logo designer,79,4,4,179,17,1386
91,UI designer,100,6,5,107,22,3683
31,logo designer,81,6,3,200,21,1629
10,logo designer,95,4,3,35,18,1444
75,logo designer,21,5,4,188,11,2656
54,UX designer,56,2,4,201,25,1471
44,logo designer,32,3,4,260,18,2438
18,logo designer,56,6,4,35,11,2709
11,UX designer,47,2,1,36,19,605
66,logo designer,32,6,5,139,16,3508
38,logo designer,35,5,4,227,16,1673
73,UX designer,14,4,1,190,11,1756
23,logo designer,19,6,4,181,25,1538
75,logo designer,78,2,1,197,22,3133
73,UI designer,16,5,1,278,10,2480
47,logo designer,88,2,4,196,14,1716
3,logo designer,94,1,3,247,21,3265
42,UX designer,96,5,4,256,21,3972
33,UX designer,96,5,3,280,20,3982
23,UX designer,69,6,2,112,19,2261
44,UX designer,33,5,3,252,17,2825
49,UX designer,91,1,3,77,24,2795
52,logo designer,4,6,3,292,18,1936
97,UX designer,32,3,1,262,13,3946
46,UI designer,97,6,5,276,21,636
92,UI designer,48,5,5,257,15,3564
51,UX designer,45,5,3,175,13,514
60,UX designer,65,6,5,201,15,2132
87,UI designer,85,2,5,183,25,1611
60,UX designer,32,5,2,142,19,643
12,logo designer,3,4,3,52,18,3328
62,UI designer,95,4,4,96,20,2717
21,logo designer,15,3,1,220,22,1027
85,UX designer,91,2,1,139,20,227
34,logo designer,62,6,5,253,15,2670
2,UX designer,37,4,2,121,24,614
36,logo designer,42,5,5,150,24,3289
97,UX designer,80,3,5,240,17,1165
89,UI designer,92,6,1,152,11,2475
22,UI designer,7,3,5,217,17,3545
32,UX designer,7,3,2,121,23,414
85,logo designer,79,2,4,206,10,3363
60,logo designer,75,1,3,116,10,241
61,UI designer,48,2,1,77,10,3461
33,logo designer,39,3,4,116,24,993
86,UX designer,81,4,2,212,14,898
28,logo designer,87,4,1,148,18,2206
58,UX designer,74,2,3,269,13,3916
48,UI designer,75,5,2,122,18,2432
56,logo designer,27,3,4,65,13,2451
42,UI designer,18,1,5,48,14,1185
73,logo designer,41,1,3,192,19,2973
55,UX designer,95,4,2,174,18,3040
7,UI designer,50,1,4,57,10,3869
32,UX designer,99,3,5,189,19,620
32,UX designer,9,6,4,82,10,210
25,logo designer,13,5,2,291,19,3465
21,logo designer,20,5,3,248,18,654
54,UX designer,12,5,3,61,24,2918
58,logo designer,69,1,5,183,10,2092
99,UX designer,81,1,4,235,23,666
42,logo designer,69,5,4,216,13,2964
80,UX designer,86,2,2,195,15,2053
5,UX designer,89,5,1,40,12,2791
8,logo designer,20,1,5,156,14,1753
27,UX designer,22,5,1,235,20,278
27,logo designer,59,4,4,259,24,3644
93,logo designer,9,6,1,209,13,379
60,UI designer,45,5,3,186,19,3242
29,logo designer,47,1,4,187,11,256
69,logo designer,55,4,1,96,25,3234
61,logo designer,52,6,4,55,24,541
48,UI designer,11,2,3,123,10,3201
6,UI designer,94,1,1,296,11,1111
39,logo designer,22,1,5,298,21,2626
50,UI designer,60,5,1,214,24,1244
21,UX designer,33,1,4,42,20,3178
3,logo designer,64,1,2,255,23,286
85,logo designer,5,4,5,217,17,2944
9,UI designer,46,1,3,220,14,3725
69,logo designer,36,3,5,241,24,1548
66,logo designer,74,1,3,131,14,998
87,logo designer,95,6,3,108,16,1900
97,UX designer,20,6,2,298,20,2727
86,UX designer,81,2,4,193,19,3436
26,UX designer,22,2,2,51,16,2867
35,logo designer,6,5,3,122,17,3223
43,logo designer,62,3,1,85,15,3223
89,logo designer,59,3,1,151,11,831
76,logo designer,31,6,4,273,19,732
22,UI designer,12,5,5,163,12,912
98,UX designer,76,5,3,111,10,2584
85,UX designer,75,5,1,113,15,872
52,logo designer,40,4,5,188,17,2041
63,UX designer,90,5,1,67,16,2011
93,logo designer,17,5,2,188,25,2819
1,UX designer,52,4,2,269,13,1392
56,UI designer,24,4,5,81,13,581
92,logo designer,94,3,5,69,22,3376
28,UX designer,75,2,4,158,12,2448
54,UI designer,1,4,1,286,22,2620
32,logo designer,80,3,3,89,18,2130
85,UI designer,8,6,4,279,22,1776
36,UX designer,97,5,3,209,10,1379
41,UI designer,92,2,5,254,23,2368
94,logo designer,6,2,2,134,24,1323
13,logo designer,5,6,3,58,22,1569
51,UI designer,46,3,1,161,19,1251
33,logo designer,70,4,4,99,12,3631
60,logo designer,51,6,4,219,16,1162
48,logo designer,99,3,5,173,25,2909
8,logo designer,39,4,2,177,22,1599
52,logo designer,4,5,2,279,15,554
95,UX designer,3,3,1,277,21,780
69,logo designer,86,4,1,280,20,656
91,logo designer,27,2,3,137,22,993
37,UI designer,46,3,3,154,18,2011
13,UX designer,68,1,3,150,20,2861
57,logo designer,29,6,3,48,24,226
41,UI designer,89,5,3,40,23,793
28,logo designer,77,2,4,144,12,927
5,UI designer,4,3,1,83,16,1656
87,UI designer,13,6,2,142,20,2294
98,logo designer,1,5,3,200,15,1901
45,logo designer,31,3,3,298,10,2094
38,UX designer,77,4,2,63,13,1341
11,logo designer,35,2,4,144,19,2078
42,UX designer,89,6,1,157,16,3989
68,UX designer,88,3,1,76,24,803
42,UX designer,45,2,5,48,24,2198
64,UI designer,35,2,3,291,16,1850
70,UI designer,73,5,5,146,14,3173
73,logo designer,82,2,1,150,12,3409
36,logo designer,92,1,3,291,24,3570
88,UI designer,94,1,4,201,16,2415
50,logo designer,54,5,1,264,13,1298
88,UI designer,61,5,1,83,13,2213
73,UI designer,22,3,1,123,14,3385
22,logo designer,71,3,4,189,10,1532
17,logo designer,4,6,5,77,21,3031
37,logo designer,60,3,3,109,19,248
62,logo designer,19,4,4,227,20,2565
43,logo designer,46,5,2,119,14,1377
5,UI designer,9,1,3,215,18,1367
90,logo designer,20,3,4,217,10,866
76,logo designer,50,3,5,252,14,1534
64,UI designer,28,1,1,273,24,342
76,UX designer,82,3,1,200,22,1168
22,logo designer,90,1,2,253,11,2502
15,UI designer,54,5,2,300,24,3922
60,logo designer,41,4,1,283,21,1282
1,logo designer,75,2,1,228,24,738
12,UX designer,52,2,1,159,10,1685